Protein Name,PDB code,Chromophore/ligand,Protein sequence,Excitation wavelength,Emission wavelength,Stokes shift,EC value,QY value,Brightness,kDa,FPBase
PAmCherry1 (On),3KCT,NRQ,MVSKGEEDNMAIIKEFMRFKVHMEGSVNGHVFEIEGEGEGRPYEGTQTAKLKVTKGGPLPFTWDILSPQFMYGSNAYVKHPADIPDYFKLSFPEGFKWERVMKFEDGGVVTVTQDSSLQDGEFIYKVKLRGTNFPSDGPVMQKKTMGWEALSERMYPEDGALKGEVKPRVKLKDGGHYDAEVKTTYKAKKPVQLPGAYNVNRKLDITSHNEDYTIVEQYERAEGRHSTGGMDELYK,564,595,31,18000,0.46,8.28,26.77,OMODZ
LSSmScarlet,7OIN,NRQ,MVSKGEAVIKEFMRFKVHMEGSMNGHEFEIEGEGEGRPYEGTQTAKLKVTKGGPLPFSWDILSPQFMYGSRAFIKHPADIPDYHKQSFPEGFKWERVMNFEDGGAVTVTQDTSLEDGTLIYEVKLRGTNFPPDGPVMQKKTMGLEADTERLYPEDGVLKGDIKMALRLKDGGRYLADVRTTYKAKKPVQMPGAYNVDRKLDITSHNEDYTVVEQYERSEGRHSTGGMDELYK,470,598,128,30200,0.42,12.68,26.27,POBTH
LSSmScarlet2,8ARM,NRQ,MVSKGEAVIKEFMRFKVHMEGSMNGHEFEIEGEGEGRPYEGTQTAKLKVTKGGPLPFSWDILSPQFMYGSRAFTKHPADIPDYHKQSFPEGFKWERVMNFEDGGAVTVTQDTSLEDGTLIYEVKLRGTNFPPDGPVMQKKTMGLEADTERLYPEDGVLKGDIKMALRLKGGGRYLAHVRTTYKAKKPVLMPGAYNVDRKLDITSHNEDYTVVEQFERSEGRHSTGDMDELYK,470,600,130,30000,0.29,8.7,26.25,OOASP
LSS-mKate2,3NT3,NRQ,MSELIKENMHMKLYMEGTVNNHHFKCTSEGEGKPYEGTQTMRIKVVEGGPLPFAFDILATSFMYGSYTFINHTQGIPDFFKQSFPEGFTWERVTTYEDGGVLTATQDTSLQDGCLIYNVKIRGVNFTSNGPVMQKKTLGWEAGTEMLYPADGGLEGRSDDALKLVGGGHLICNLKSTYRSKKPAKNLKVPGVYYVDRRLERIKEADKETYVEQHEVAVARYCDLPSKLGHKLN,460,605,145,26000,0.17,4.42,26.2,RU9EF
mRuby,3U0L,NRQ,MNSLIKENMRMKVVLEGSVNGHQFKCTGEGEGNPYMGTQTMRIKVIEGGPLPFAFDILATSFMYGSRTFIKYPKGIPDFFKQSFPEGFTWERVTRYEDGGVITVMQDTSLEDGCLVYHAQVRGVNFPSNGAVMQKKTKGWEPNTEMMYPADGGLRGYTHMALKVDGGGHLSCSFVTTYRSKKTVGNIKMPGIHAVDHRLERLEESDNEMFVVQREHAVAKFAGLGGG,558,605,47,112000,0.35,39.2,25.22,6KLAW
mSandy2 (Basic),7RY2,NRQ,MAIIKEFMRFKVHMEGSVNGHEFEIEGEGEGRPYEGTQTAKLKVTKGGPLPFAWDILSLQFMYGSKAYVKHPADIPDYLKLSFPEGFKWERVMNFEDGGVVTVTQDSSLQDGEFIYKVKLHGTNFPSDGPVMQKKTMGSEASSERMYPEDGALKGEVKVRFKLKDGGHYVAEVKTTYKAKKPVQLPGAYYANIKMDITSHNEDYTIVEQYERCEGRHSTGGMDELYK,581,606,25,79000,0.35,27.65,25.68,OS9DX
FusionRed,6U1A,NRQ,MVSELIKENMPMKLYMEGTVNNHHFKCTSEGEGKPYEGTQTMRIKVVEGGPLPFAFDILATSFMXGSRTFIKHPPGIPDFFKQSFPEGFTWERVTTYEDGGVLTATQDTSLQDGCLIYNVKVRGVNFPANGPVMQKKTLGWEASTETMYPADGGLEGACDMALKLVGGGHLICNLETTYRSKKPATNLKMPGVYNVDHRLERIKEADDETYVEQHEVAVARYSTGGAGDGGK,580,608,28,94500,0.19,17.95,25.58,S6A7A
SuperNova Red,3WCK,CRQ,MEVGPALFQSDMTFKIFIDGEVNGQKFTIVADGSSKFPHGDFNVHAVCETGKLPMSWKPICHLIQYGEPFFARYPDGISHFAQECFPEGLSIDRTVRFENDGTMTSHHTYELDDTCVVSRITVNCDGFQPDGPIMRDQLVDILPSETHMFPHGPNAVRQTATIGFTTADGGKMMGHFDSKMTFNGSRAIEIPGPHFVTIITKQTRDTSDKRDHVCQREVAYAHSVPRITSAIGSDED,579,610,31,45000,0.3,13.5,26.35,6EEUG
KillerRed,3GB3,CRQ,MEGGPALFQSDMTFKIFIDGEVNGQKFTIVADGSSKFPHGDFNVHAVCETGKLPMSWKPICHLIQYGEPFFARYPDGISHFAQECFPEGLSIDRTVRFENDGTMTSHHTYELDDTCVVSRITVNCDGFQPDGPIMRDQLVDILPNETHMFPHGPNAVRQLAFIGFTTADGGLMMGHFDSKMTFNGSRAIEIPGPHFVTIITKQMRDTSDKRDHVCQREVAYAHSVPRITSAIGSDED,585,610,25,45000,0.25,11.25,26.4,MSYZC
eqFP611,1UIS,NRQ,MNSLIKENMRMMVVMEGSVNGYQFKCTGEGDGNPYMGTQTMRIKVVEGGPLPFAFDILATSFMYGSKTFIKHTKGIPDFFKQSFPEGFTWERVTRYEDGGVFTVMQDTSLEDGCLVYHAKVTGVNFPSNGAVMQKKTKGWEPNTEMLYPADGGLRGYSQMALNVDGGGYLSCSFETTYRSKKTVENFKMPGFHFVDHRLERLEESDKEMFVVQHEHAVAKFCDLPSKLGRL,559,611,52,78000,0.45,35.1,26.05,R5RQ5
eqFP611 V124T,3E5T,NRQ,MNSLIKENMRMMVVMEGSVNGYQFKCTGEGDGNPYMGTQTMRIKVVEGGPLPFAFDILATSFMYGSKTFIKHTKGIPDFFKQSFPEGFTWERVTRYEDGGVFTVMQDTSLEDGCLVYHAKVTGVNFPSNGAVMQKKTKGWEPNTEMLYPADGGLRGYSQMALNVDGGGYLSCSFETTYRSKKTVENFKMPGFHFVDHRLERLEESDKEMFVVQHEHAVAKFCDLPSKLGRL,559,611,52,74000,0.42,31.08,26.05,ALL3F
tKeima,8XC6,CRQ,MVSVIAKQMTYKVYMSGTVNGHYFEVEGDGKGKPYEGEQTVKLTVTKGGPLPFAWDILSPLFQYGSIPFTKYPEDIPDYVKQSFPEGYTWERTMNFEDGAVCTVSNDSSIQGNCFIYNVKISGVNFPPNGPVMQKKTQGWEPSTERLFARDGMLIGNDYMALKLEGGGHYLCEFKSTYKAKKPVRMPGYHYVDRKLDVTSHNRDYTSVEQCEIAIARHSLLG,440,616,176,14500,0.22,3.19,25.03,F1MW1
mKeima (pH7.4),3IR8,CRQ,MVSVIAKQMTYKVYMSGTVNGHYFEVEGDGKGKPYEGEQTVKLTVTKGGPLPFAWDILSPQLQYGSIPFTKYPEDIPDYFKQSFPEGYTWERSMNFEDGAVCTVSNDSSIQGNCFIYNVKISGENFPPNGPVMQKKTQGWEPSTERLFARDGMLIGNDYMALKLEGGGHYLCEFKSTYKAKKPVRMPGRHEIDRKLDVTSHNRDYTSVEQCEIAIARHSLLG,440,620,180,14400,0.24,3.46,25.05,SXBT1
PSLSSmKate (Red),4NWS,NRQ,MSELIKENMHMKLYMEGTVNNHHFKCTSEGEGKPYEGTQTMRIKVVEGGPLPFAFDILATSFMYGSKTFINHTQGIPDFFKQSFPEGFTWERVTTYEDGGVLTATQDTSLQDGCLIYNVKIRGVNFTSNGPVMQKKTLGWEASTEMLYPADGGLEGRSDEALKLVGGGHLICNLKSTYRSKKPAKNLKVPGVYYVDRRLERIKEADKETYVEQHEVAVARYCDLPSKLGHKLN,573,621,48,8500,0.16,1.36,26.2,9S2ZE
mRubyFT (Red-form),7QGK,NRP,MVSKGEELIKENMRMKVVMEGSVNGHQFKCTGEGEGNPYMGTQTMRIKVIEGGPLPFAFDILATSFLYGSRTFIKYPKGIPDFFKQSFPEGFTWERVTRYEDGGVVTVMQDTSLEDGCLVYHVQVRGVDFPSNGPVMQKKTKGWEPSTEMMYPADGGLRGYTHMALKVDGGGHLSCSFVTTYRSKKTVGNIKMPGIHAVDHRLERLEESDNEMFVVLREHSVAKFAGRGGMDELYK,582,624,42,29600,0.09,2.55,26.43,9JNRR
mKate S158A,3SVN,NRQ,MSELIKENMHMKLYMEGTVNNHHFKCTSEGEGKPYEGTQTMRIKVVEGGPLPFAFDILATSFMYGSKTFINHTQGIPDFFKQSFPEGFTWERVTTYEDGGVLTATQDTSLQDGCLIYNVKIRGVNFPSNGPVMQKKTLGWEASTEMLYPADGGLEGRADMALKLVGGGHLICNLKTTYRSKKPAKNLKMPGVYYVDRRLERIKEADKETYVEQHEVAVARYCDLPSKLGHK,585,630,45,75000,0.3,22.5,26.01,BRFP4
mRojoA,3NEZ,NRQ,MVSKGEEDNMAIIKEFMRFKTHMEGSVNGHEFEIEGEGEGRPYEGTQTAKLKVTKGGPLPFAWDILSPQFMYGSKAYVKHPADIPDYLKLSFPEGFKWERVMNFEDGGVVTVTQDSSLQDGEFIYKVKLHGTNFPSDGPVMQKKTMGWEASSERMYPEDGALKGEIKLRLKLKDGGHYDAEVKTTYKAKKPVQLPGAYNANYKLDITSHNEDYTIVEQYERCEGRHSTGGMDELYK,597,633,36,48000,0.02,0.96,26.74,QEO8D
Katushka,3PJ5,NRQ,MSVLITENMHMKLYMEGTVNDHHFKCTSEGEGKPYEGTQTMKIKVVEGGPLPFAFDILATSFMYGSKTFINHTQGIPDFFKQSFPEGFTWERITTYEDGGVLTATQDTSLQNGCLIYNVKINGVNFPSNGPVMQKKTLGWEASTEMLYPADSGLRGHSQMALKLVGGGYLHCSLKTTYRSKKPAKNLKMPGFYFVDRRLERIKEADKETYVEQHEMAVARYCDLPSKLGHS,588,635,47,65000,0.34,22.1,26.01,Q2ZO7
mKate,3BXA,NRQ,MSELIKENMHMKLYMEGTVNNHHFKCTSEGEGKPYEGTQTMRIKVVEGGPLPFAFDILATSFMYGSKTFINHTQGIPDFFKQSFPEGFTWERVTTYEDGGVLTATQDTSLQDGCLIYNVKIRGVNFPSNGPVMQKKTLGWEASTEMLYPADGGLEGRSDMALKLVGGGHLICNLKTTYRSKKPAKNLKMPGVYYVDRRLERIKEADKETYVEQHEVAVARYCDLPSKLGHK,588,635,47,45000,0.33,14.85,26.02,WRF55
mRouge,3NED,NRQ,MVSKGEEDNMAIIKEFMRFKTHMEGSVNGHEFEIEGEGEGRPYEGTQTAKLKVTKGGPLPFAWDILSPQFMYGSKAYVKHPADIPDYLKLSFPEGFKWERVMNFEDGGVVTVTQDSSLQDGEFIYKVKLRGTNFPSDGPVMQKKTMGWEACSERMYPEDGALKGEMKMRLKLKDGGHYDAEVKTTYKAKKPVQLPGAYNTNTKLDITSHNEDYTIVEQYERNEGRHSTGGMDELYK,600,637,37,43000,0.02,0.86,26.79,JXVU8
mPlum,2QLG,NRQ,MVSKGEEVIKEFMRFKEHMEGSVNGHEFEIEGEGEGRPYEGTQTARLKVTKGGPLPFAWDILSPQIMYGSKAYVKHPADIPDYLKLSFPEGFKWERVMNFEDGGVVTVTQDSSLQDGEFIYKVKVRGTNFPSDGPVMQKKTMGWEASSERMYPEDGALKGEMKMRLRLKDGGHYDAEVKTTYMAKKPVQLPGAYKTDIKLDITSHNEDYTIVEQYERAEGRHSTGA,590,649,59,41000,0.1,4.1,25.59,XU2WO
eqFP650,4EDO,NRQ,MGEDSELISENMHMKLYMEGTVNGHHFKCTSEGEGKPYEGTQTAKIKVVEGGPLPFAFDILATSFMYGSKTFINHTQGIPDFFKQSFPEGFTWERITTYEDGGVLTATQDTSLQNGCLIYNVKINGVNFPSNGPVMQKKTLGWEASTEMLYPADSGLRGHSQMALKLVGGGYLHCSLKTTYRSKKPAKNLKMPGFYFVDRKLERIKEADKETYVEQHEMAVARYCDLPSKLGHS,592,650,58,65000,0.24,15.6,26.18,JS838
Neptune,3IP2,NRQ,MVSKGEELIKEDMHMKLYMEGTVNNHHFKCTSEGEGKPYEGTQTGRIKVVEGGPLPFAFDILATCFMYGSKTFINHTQGIPDFFKQSFPEGFTWERVTTYEDGGVLTATQDTSLQDGCLIYNVKIRGVNFPSNGPVMQKKTLGWEASTEMLYPADGGLEGRCDMALKLVGGGHLICNLKTTYRSKKPAKNLKMPGVYFVDRRLERIKEADNETYVEQHEVAVARYCDLPSKLGHKLNGMDELYK,600,650,50,72000,0.18,12.96,27.44,Z3GLX
mCardinal,4OQW,NRQ,MVSKGEELIKENMHMKLYMEGTVNNHHFKCTTEGEGKPYEGTQTQRIKVVEGGPLPFAFDILATCFMYGSKTFINHTQGIPDFFKQSFPEGFTWERVTTYEDGGVLTVTQDTSLQDGCLIYNVKLRGVNFPSNGPVMQKKTLGWEATTETLYPADGGLEGRCDMALKLVGGGHLHCNLKTTYRSKKPAKNLKMPGVYFVDRRLERIKEADNETYVEQHEVAVARYCDLPSKLGHKLNGMDELYK,604,659,55,87000,0.19,16.53,27.55,7EWEM
eqFP670,4EDS,NRQ,MGEDSELISENMHTKLYMEGTVNGHHFKCTSEGEGKPYEGTQTCKIKVVEGGPLPFAFDILATSFMYGSKTFINHTQGIPDFFKQSFPEGFTWERITTYEDGGVLTATQDTSLQNGCLIYNVKINGVNFPSNGPVMQKKTLGWEANTEMLYPADSGLRGHNQMALKLVGGGYLHCSLKTTYRSKKPAKNLKMPGFYFVDRKLERIKEADKETYVEQHEMAVARYCDLPSKLGHS,605,670,65,70000,0.06,4.2,26.23,7FXGZ
TagRFP675,4KGF,NRQ,MSELIKENMHMKLYMEGTVNNHHFKCTSEGEGKPYEGTQTQRIKVVEGGPLPFAFDILATSFMYGSKTFINHTQGIPDFWKQSFPEGFTWERVTTYEDGGVLTATQDTSLQDGCLIYNVKIRGVNFPSNGPVMQKKTLGWEANTEMMYPADGGLEGRNYMALKLVGGGHLICSLKTTYRSKKPAKNLKMPGVYYVDRRLERIKEADKETYVEQHEVAVARYCDLPSKLGHKLN,598,675,77,46000,0.08,3.68,26.38,NLF4R
mNeptune684,5YT1,NRQ,MVSKGEELIKENMHMKLYMEGTVNNHHFKCTSEGEGKPYEGTQTQRIKVVEGGPLPFAFDILATCFMYGSKTFINHTQGIPDFFKQSFPEGFTWERVTTYEDGGVLTATQDTSLQDGCLIYNVKIRGVNFPSNGPVMQKKTLGWEANTETLYPADGGLRGHNPMALKLVGGGHLICNLKTTYRSKKPAKNLKMPGVYFVDRRLERIKEADNETYVEQHEVAVARYCDLPSKLGHKLNGMDELYK,604,684,80,39000,0.03,1.17,27.51,Q8TQ6
DsRed,1ZGO,CRQ,MRSSKNVIKEFMRFKVRMEGTVNGHEFEIEGEGEGRPYEGHNTVKLKVTKGGPLPFAWDILSPQFQYGSKVYVKHPADIPDYKKLSFPEGFKWERVMNFEDGGVVTVTQDSSLQDGCFIYKVKFIGVNFPSDGPVMQKKTMGWEASTERLYPRDGVLKGEIHKALKLKDGGHYLVEFKSIYMAKKPVQLPGYYYVDSKLDITSHNEDYTIVEQYERTEGRHHLFL,558,583,25,72500,0.68,49.3,25.9,EGE3L
TagRFP,3M22,NRQ,MSELIKENMHMKLYMEGTVNNHHFKCTSEGEGKPYEGTQTMRIKVVEGGPLPFAFDILATSFMYGSRTFINHTQGIPDFFKQSFPEGFTWERVTTYEDGGVLTATQDTSLQDGCLIYNVKIRGVNFPSNGPVMQKKTLGWEANTEMLYPADGGLEGRSDMALKLVGGGHLICNFKTTYRSKKPAKNLKMPGVYYVDHRLERIKEADKETYVEQHEVAVARYCDLPSKLGHK,555,584,29,100000,0.48,48,26.1,S4HC8
asulCP,1XQM,CH6,MASFLKKTMPFKTTIEGTVNGHYFKCTGKGEGNPFEGTQEMKIEVIEGGPLPFAFHILSTSCMYGSKTFIKYVSGIPDYFKQSFPEGFTWERTTTYEDGGFLTAHQDTSLDGDCLVYKVKILGNNFPADGPVMQNKAGRWEPATEIVYEVDGVLRGQSLMALKCPGGRHLTCHLHTTYRSKKPASALKMPGFHFEDHRIEIMEEVEKGKCYKQYEAAVGRYCDAAPSKLGHN,572,595,23,120000,0.00,0.12,25.90,asulcp
DsRed.M1,2VAD,CRQ,MDNTEDVIKEFMQFKVRMEGSVNGHYFEIEGEGEGKPYEGTQTAKLQVTKGGPLPFAWDILSPQFQYGSKAYVKHPADIPDYMKLSFPEGFTWERSMNFEDGGVVEVQQDSSLQDGTFIYKVKFKGVNFPADGPVMQKKTAGWEPSTEKLYPQDGVLKGEISHALKLKDGGHYTCDFKTVYKAKKPVQLPGNHYVDSKLDITNHNEDYTVVEQYEHAEARHSGSQ,558,587,29,27300,0.14,3.82,25.40,dsredm1
DsRed-Max,2V4E,NRQ,MDSTENVIKPFMRFKVHMEGSVNGHEFEIEGEGEGKPYEGTQTAKLQVTKGGPLPFAWDILSPQFMYGSKVYTKHPADIPDYKKLSFPEGFKWERVMNFEDGGVVTVTQDSSLQDGTFIYHVKFIGVNFPSDGPVMQKKTLGWEPSTERLYPRDGVLKGEIHKALKLKGGGHYLCEFKSIYMAKKPVKLPGYYYVDSKLDITSHNEDYTVVEQYERTEARHHLFQ,560,589,29,48000,0.41,19.68,25.70,dsred-max
DsRed.T4,2VAE,CRQ,MASSEDVIKEFMRFKVRMEGSVNGHEFEIEGEGEGRPYEGTQTAKLKVTKGGPLPFAWDILSPQFQYGSKVYVKHPADIPDYKKLSFPEGFKWERVMNFEDGGVVTVTQDSSLQDGCFIYKVKFIGVNFPSDGPVMQKKTMGWEPSTERLYPRDGVLKGEIHKALKLKDGGHYLVEFKSIYMAKKPVQLPGYYYVDSKLDITSHNEDYTIVEQYERAEGRHHLFL,555,586,31,30300,0.44,13.33,25.80,dsredt4
Folding Reporter GFP,2B3Q,CRO,MSKGEELFTGVVPILVELDGDVNGHKFSVSGEGEGDATYGKLTLKFICTTGKLPVPWPTLVTTLTYGVQCFSRYPDHMKRHDFFKSAMPEGYVQERTISFKDDGNYKTRAEVKFEGDTLVNRIELKGIDFKEDGNILGHKLEYNYNSHNVYITADKQKNGIKANFKIRHNIEDGSVQLADHYQQNTPIGDGPVLLPDNHYLSTQSALSKDPNEKRDHMVLLEFVTAAGITHGMDELYK,490,530,40,82400,0.72,59.33,26.80,folding-reporter-gfp
IrisFP,2VVH,5SQ,MSAIKPDMKINLRMEGNVNGHHFVIDGDGTGKPFEGKQSMDLEVKEGGPLPFAFDILTTAFHYGNRVFAEYPDHIQDYFKQSFPKGYSWERSLTFEDGGICIARNDITMEGDTFYNKVRFHGVNFPANGPVMQKKTLKWEPSTEKMYVRDGVLTGDITMALLLEGNAHYRCDSRTTYKAKEKGVKLPGYHLVDHCIEILSHDKDYNKVKLYEHAVAHSGLPDNARR,551,580,29,35400,0.47,16.64,25.70,irisfp
KillerOrange,4ZFS,4M9,MECGPALFQSDMTFKIFIDGEVNGQKFTIVADGSSKFPHGDFNVHAVCETGKLPMSWKPICHLIQWGEPFFARYPDGISHFAQECFPEGLSIDRTVRFENDGTMTSHHTYELSDTCVVSRITVNCDGFQPDGPIMRDQLVDILPSETHMFPHGPNAVRQLAFIGFTTADGGLMMGHLDSKMTFNGSRAIEIPGPHFVTIITKQMRDTSDKRDHVCQREVAHAHSVPRITSAIGSDQD,455,555,100,41200,0.42,17.30,26.40,killerorange
lanRFP-&Delta;S83l,4JGE,CR2,MPLPATHDLHISGSINGHEFDLEGSGKGNAKEGYQELHLKSNKGDLSFSPWILVPNIGYGFYQYLPFPDGAMSPYQAAMHDGGYVMHRSMQFEDGAMLHSDHRYIYKGNHIKGEFRLTGSGFPADGPVMTNSLTAADWCVDKLLYPNDNTIIGKFDWTYTTTSGKRYQSDVQTNVTFGKPIAADILKKQPMFVFRKVELKHTKTELNFKQWQKAFQDIA,521,592,71,71000,0.10,7.10,24.70,lanrfp-deltas83l
laRFP,4JF9,CR2,MHHHHHHGSPLPATHDLHISGSINGHEFDLEGSGKGNAKEGYQELHLKSNKGDLSFSPWILVPNIGYGFYQYLPFPDGAMSPYQAAMHDGSGYVMHRSMQFEDGAMLHSDHRYIYKGNHIKGEFRLTGSGFPADGPVMTNSLTAADWCVDKLLYPNDNTIIGKFDWTYTTTSGKRYQSDVQTNVTFGKPIAADILKKQPMFVFRKVELKHTKTELNFKQWQKAFQDIA,521,592,71,71000,0.10,7.10,25.80,larfp
LSSmOrange,4Q7R,OFM,MVSKGEENNMAIIKEFMRFKVRMEGSVNGHEFEIEGEGEGRPYEGFQTVKLKVTKGGPLPFAWDILSPQFTYGSKAYVKHPADIPDYLKLSFPEGFKWERVMNFEDGGVVTVTQDSSLQDGEFIYKVKLRGTNFPSDGPVMQKKTMGMEASSERMYPEDGALKGEDKLRLKLKDGGHYTSEVKTTYKAKKPVQLPGAYIVDIKLDITSHNEDYTIVEQYERAEGRHSTGGMDELYK,437,572,135,52000,0.45,23.40,26.70,lssmorange
LSSmScarlet,7OIM,NRQ,MVSKGEAVIKEFMRFKVHMEGSMNGHEFEIEGEGEGRPYEGTQTAKLKVTKGGPLPFSWDILSPQFMYGSRAFIKHPADIPDYHKQSFPEGFKWERVMNFEDGGAVTVTQDTSLEDGTLIYEVKLRGTNFPPDGPVMQKKTMGLEADTERLYPEDGVLKGDIKMALRLKDGGRYLADVRTTYKAKKPVQMPGAYNVDRKLDITSHNEDYTVVEQYERSEGRHSTGGMDELYK,470,598,128,30200,0.42,12.68,26.30,lssmscarlet
mCRISPRed,6XWY,NRQ,MVSKGEELIKENMRMKVVMEGSVNGHQFKCTGEGEGRPYEGVQTMRIKVIEGGPLPFAFDILATSFMYGSRTFIKYPADIPDFFKQSFPEGFTWERVTRYEDGGVVTVTQDTSLEDGELVYNVKVRGVNFPSNGPVMQKKTKGWEADTEMMYPADGGLRGYLDRALKVDGGGHLHCNFVTTYRSKKTVGDIKMPGVHAVDHRLERIEESDNETYVVQREVAVAKYSNLGGGMDELYK,460,592,132,28500,0.46,13.11,26.60,mcrispred
mEos2-A69T,5DTL,5SQ,MSAIKPDMKIKLRMEGNVNGHHFVIDGDGTGKPFEGKQSMDLEVKEGGPLPFAFDILTTAFHYGNRVFTKYPDNIQDYFKQSFPKGYSWERSLTFEDGGICIARNDITMEGDTFYNKVRFYGTNFPANGPVMQKKTLKWEPSTEKMYVRDGVLTGDIHMALLLEGNAHYRCDFRTTYKAKEKGVKLPGYHFVDHCIEILSHDKDYNKVKLYEHAVAHSGLPDNARR,565,580,15,11500,0.66,7.59,25.90,meos2-a69t
mEos4b,6DP0,5SQ,MVSAIKPDMRIKLRMEGNVNGHHFVIDGDGTGKPYEGKQTMDLEVKEGGPLPFAFDILTTAFHYGNRVFVKYPDNIQDYFKQSFPKGYSWERSLTFEDGGICNARNDITMEGDTFYNKVRFYGTNFPANGPVMQKKTLKWEPSTEKMYVRDGVLTGDIEMALLLEGNAHYRCDFRTTYKAKEKGVKLPGAHFVDHAIEILSHDKDYNKVKLYEHAVAHSGLPDNARR,570,580,10,55500,0.71,39.41,25.90,meos4b
mEos4b-L93M,9GVR,5SQ,MVSAIKPDMRIKLRMEGNVNGHHFVIDGDGTGKPYEGKQTMDLEVKEGGPLPFAFDILTTAFHYGNRVFVKYPDNIQDYFKQSFPKGYSWERSMTFEDGGICNARNDITMEGDTFYNKVRFYGTNFPANGPVMQKKTLKWEPSTEKMYVRDGVLTGDIEMALLLEGNAHYRCDFRTTYKAKEKGVKLPGAHFVDHAIEILSHDKDYNKVKLYEHAVAHSGLPDNARR,569,580,11,57200,0.63,36.04,25.90,meos4b-l93m
mEosFP,3P8U,CR8,MSAIKPDMKINLRMEGNVNGHHFVIDGDGTGKPFEGKQSMDLEVKEGGPLPFAFDILTTAFHYGNRVFAEYPDHIQDYFKQSFPKGYSWERSLTFEDGGICIARNDITMEGDTFYNKVRFHGTNFPANGPVMQKKTLKWEPSTEKMYVRDGVLTGDIHMALLLEGNAHYRCDFRTTYKAKEKGVKLPGYHFVDHCIEILSHDKDYNKVKLYEHAVAHSGLPDNARR,569,581,12,37000,0.62,22.94,25.80,meosfp
mKillerOrange,4ZBL,4M9,MEVGPALFQSDMTFKIFIDGEVNGQKFTIVADGSSKFPHGDFNVHAVCETGKLPMSWKPICHLIQWGEPFFARYPDGISHFAQECFPEGLSIDRTVRFENDGTMTSHHTYELDDTCVVSRITVNCDGFQPDGPIMRDQLVDILPSETHMFPHGPNAVRQTATIGFTTADGGKMMGHFDSKMTFNGSRAIEIPGPHFVTIITKQTRDTSDKRDHVCQREVAYAHSVPRITSAIGSDED,458,560,102,35000,0.50,17.50,26.40,mkillerorange
mKO,3MGF,CFY,MVSVIKPEMKMRYYMDGSVNGHEFTIEGEGTGRPYEGHQEMTLRVTMAKGGPMPFAFDLVSHVFCYGHRPFTKYPEEIPDYFKQAFPEGLSWERSLEFEDGGSASVSAHISLRGNTFYHKSKFTGVNFPADGPIMQNQSVDWEPSTEKITASDGVLKGDVTMYLKLEGGGNHKCQFKTTYKAAKKILKMPGSHYISHRLVRKTEGNITELVEDAVAHS,548,559,11,51600,0.60,30.96,24.50,mko
mOrange,2H5O,CRO,MVSKGEENNMAIIKEFMRFKVRMEGSVNGHEFEIEGEGEGRPYEGFQTAKLKVTKGGPLPFAWDILSPQFTYGSKAYVKHPADIPDYFKLSFPEGFKWERVMNFEDGGVVTVTQDSSLQDGEFIYKVKLRGTNFPSDGPVMQKKTMGWEASSERMYPEDGALKGEIKMRLKLKDGGHYTSEVKTTYKAKKPVQLPGAYIVGIKLDITSHNEDYTIVEQYERAEGRHSTGGMDELYK,548,562,14,71000,0.69,48.99,26.70,morange
mScarlet,5LK4,NRQ,MVSKGEAVIKEFMRFKVHMEGSMNGHEFEIEGEGEGRPYEGTQTAKLKVTKGGPLPFSWDILSPQFMYGSRAFTKHPADIPDYYKQSFPEGFKWERVMNFEDGGAVTVTQDTSLEDGTLIYKVKLRGTNFPPDGPVMQKKTMGWEASTERLYPEDGVLKGDIKMALRLKDGGRYLADFKTTYKAKKPVQMPGAYNVDRKLDITSHNEDYTVVEQYERSEGRHSTGGMDELYK,569,594,25,100000,0.70,70.00,26.40,mscarlet
mScarlet3,7ZCT,NRQ,MDSTEAVIKEFMRFKVHMEGSMNGHEFEIEGEGEGRPYEGTQTAKLRVTKGGPLPFSWDILSPQFMYGSRAFTKHPADIPDYWKQSFPEGFKWERVMNFEDGGAVSVAQDTSLEDGTLIYKVKLRGTNFPPDGPVMQKKTMGWEASTERLYPEDVVLKGDIKMALRLKDGGRYLADFKTTYRAKKPVQMPGAFNIDRKLDITSHNEDYTVVEQYERSVARHSTGGSGGS,569,592,23,104000,0.75,78.00,25.90,mscarlet3
mScarlet3-H,8ZXH,NRQ,MDSTEAVIKEFMRFKVHMEGSMNGHEFEIEGEGEGRPYEGTQTAKLRVTKGGPLPFSWDILSPQFMYGSRAFTKHPADIPDYWKQSFPEGFKWERVMNFEDGGAVSVAQDTSLEDGTLIYKVKLRGTNFPPDGPVMQKKTMGWEASTERLYPEDVVLKGDIKHALRLKDGGRYLADFKTTYRAKKPVQMPGAFNIDRKLDITSHNEDYTVVEQYERSVARHSTGGSGGS,551,592,41,102685,0.18,18.48,25.90,mscarlet3-h
mScarlet-H,8ZXO,NRQ,MVSKGEAVIKEFMRFKVHMEGSMNGHEFEIEGEGEGRPYEGTQTAKLKVTKGGPLPFSWDILSPQFMYGSRAFTKHPADIPDYYKQSFPEGFKWERVMNFEDGGAVTVTQDTSLEDGTLIYKVKLRGTNFPPDGPVMQKKTMGWEASTERLYPEDGVLKGDIKHALRLKDGGRYLADFKTTYKAKKPVQMPGAYNVDRKLDITSHNEDYTVVEQYERSEGRHSTGGMDELYK,551,592,41,74000,0.20,14.80,26.40,mscarlet-h
mStrawberry,2H5R,CRO,MVSKGEENNMAIIKEFMRFKVRMEGSVNGHEFEIEGEGEGRPYEGTQTAKLKVTKGGPLPFAWDILTPNFTYGSKAYVKHPADIPDYLKLSFPEGFKWERVMNFEDGGVVTVTQDSSLQDGEFIYKVKLRGTNFPSDGPVMQKKTMGWEASSERMYPEDGALKGEIKMRLKLKDGGHYDAEVKTTYKAKKPVQLPGAYIVGIKLDITSHNEDYTIVELYERAEGRHSTGGMDELYK,574,596,22,90000,0.29,26.10,26.60,mstrawberry
pcDronpa,4HQ8,CR8,MSVIKPDMKIKLRMEGAVNGHPFAIEGVGLGKPFEGKQSMDLKVKEGGPLPFAYDILTTAFHYGNRVFAKYPENIVDYFKQSFPEGYSWERSMSYEDGGICIATNDITLDGDCYIYEIRFDGVNFPANGPVMQKRTVKWEPSTEKLYVRDGVLKGDVNMALSLEGGGHYRCDFKTTYKAKKVVQLPDYHFVDHHIEIKSHDKDYSNVNLHEHAEAHSGLPRQAK,569,581,12,75000,0.68,51.00,25.40,pcdronpa
phiYFP,4HE4,CRO,MSSGALLFHGKIPYVVEMEGNVDGHTFSIRGKGYGDASVGKVDAQFICTTGDVPVPWSTLVTTLTYGAQCFAKYGPELKDFYKSCMPEGYVQERTITFEGDGVFKTRAEVTFENGSVYNRVKLNGQGFKKDGHVLGKNLEFNFTPHCLYIWGDQANHGLKSAFKIMHEITGSKEDFIVADHTQMNTPIGGGPVHVPEYHHITYHVTLSKDVTDHRDNMSLVETVRAVDCRKTYL,525,537,12,115000,0.60,69.00,26.10,phiyfp
PSmOrange,4Q7T,OFM,MVSKGEENNMAIIKEFMRFKVRMEGTVNGHEFEIEGEGEGRPYEGFQTAKLKVTKGGPLPFAWDILSPLFTYGSKAYVKHPADIPDYFKLSFPEGFKWERVMNYEDGGVVTVTQDSSLQDGEFIYKVKMRGTNFPSDGPVMQKKTMGWEASSERMYPEDGALKGEIRMRLKLKDGGHYTSEVKTTYKAKKSVQLPGAYIVGIKLDITSHNEDYTIVEQYERAEGRHSTGGMDELYK,548,565,17,113300,0.51,57.78,26.80,psmorange
PSmOrange2,4Q7U,OIM,MVSKGEENNMAIIKEFMRFKVHMEGTVNGHEFEIEGEGEGHPYEGFQTAKLKVTKGGPLPFAWDILSPLITYGSKAYVKHPADIPDYFKLSFPEGFKWERVMNYEDGGVVTVTQDSSLQDGEFIYKVKMRGTNFPSDGPVMQKKTMGWEASSERMYPEDGALKGEIRMRLKLKDGGHYTSEVKTTYKAKKSVLLPGAYIVGIKLDITSHNEDYTIVEQYERSEARHSTGGMDELYK,546,561,15,51000,0.61,31.11,26.70,psmorange2
rsTagRFP,3U8C,NRQ,MVSKGEELIKENMHMKLYMEGTVNNHHFKCTSEGEGKPYEGTQTMRIKVVEGGPLPFAFDILATSFMYGSRTFINHTQGIPDFWKQSFPEGFTWERVTTYEDGGVLTATQDTSLQDGCLIYNVKLRGVNFPSNGPVMQKKTLGWEAATEMLYPADGGLEGRGDMALKLVGGGHLICNLKTTYRSKNPAKNLKMPGVYFVDHRLERIKEADKETYVEQHEVAVARYCDLPSKLGHKLN,567,585,18,36800,0.11,4.05,26.60,rstagrfp
SHardonnay,3V3D,CR2,MVSKGEELFTGVVPILVELDGDVNGHKFSVSGEGEGDATYGKLTLKFICTTGKLPVPWPTLVTTFGYGLQCFARYPDHMKQHDFFKSAMPEGYVQERTIFFKDDGNYKTRAEVKFEGDTLVNRIELKGIDFKEDGNILGHKLEYNYNSHNVYIMADKQKNGIKVNFKIRHNIEDGSVQLADHYQQNTPIGDGPVLLPDNHYLSFQSALSKDPNEKRDHMVLLEFVTAAGITLGMDELYK,511,530,19,89000,0.75,66.75,27.00,shardonnay
TagRFP,3M22,NRQ,MSELIKENMHMKLYMEGTVNNHHFKCTSEGEGKPYEGTQTMRIKVVEGGPLPFAFDILATSFMYGSRTFINHTQGIPDFFKQSFPEGFTWERVTTYEDGGVLTATQDTSLQDGCLIYNVKIRGVNFPSNGPVMQKKTLGWEANTEMLYPADGGLEGRSDMALKLVGGGHLICNFKTTYRSKKPAKNLKMPGVYYVDHRLERIKEADKETYVEQHEVAVARYCDLPSKLGHK,555,584,29,100000,0.48,48.00,26.10,tagrfp
TagRFP-T,5JVA,NRQ,MVSKGEELIKENMHMKLYMEGTVNNHHFKCTSEGEGKPYEGTQTMRIKVVEGGPLPFAFDILATSFMYGSRTFINHTQGIPDFFKQSFPEGFTWERVTTYEDGGVLTATQDTSLQDGCLIYNVKIRGVNFPSNGPVMQKKTLGWEANTEMLYPADGGLEGRTDMALKLVGGGHLICNFKTTYRSKKPAKNLKMPGVYYVDHRLERIKEADKETYVEQHEVAVARYCDLPSKLGHKLNGMDELYK,555,584,29,81000,0.41,33.21,27.60,tagrfp-t
zFP538,1XAE,CH7,MAHSKHGLKEEMTMKYHMEGCVNGHKFVITGEGIGYPFKGKQTINLCVIEGGPLPFSEDILSAGFKYGDRIFTEYPQDIVDYFKNSCPAGYTWGRSFLFEDGAVCICNVDITVSVKENCIYHKSIFNGMNFPADGPVMKKMTTNWEASCEKIMPVPKQGILKGDVSMYLLLKDGGRYRCQFDTVYKAKSVPSKMPEWHFIQHKLLREDRSDAKNQKWQLTEHAIAFPSALA,528,538,10,20200,0.42,8.48,26.20,zfp538
aceGFP,3LVA,GYS,MSKGAELFTGIVPILIELNGDVNGHKFSVSGEGEGDATYGKLTLKFICTTGKLPVPWPTLVTTLSYGVQCFSRYPDHMKQHDFFKSAMPEGYIQERTIFFEDDGNYKSRAEVKFEGDTLVNRIELTGTDFKEDGNILGNKMEYNYNAHNVYIMTDKAKNGIKVNFKIRHNIEDGSVQLADHYQQNTPIGDGPVLLPDNHYLSTQSALSKDPNEKRDHMIYFGFVTAAAITHGMDELYK,480,505,25,50000,0.55,27.5,26.77,
bfloGFPc1,4DKM,CR2,LPTTHEVHVYGSINGVEFDLVGSGKGNPKDGSEEIQVKSTKGPLGFSPYIVVPNIGYGFHQYLPFPDGMSPFQAAADDGSGYVVHRTIQFEDGASLTGNYRYSYDGGHIKGEFHVVGSGFPADGPVMTKSLTAVDWSVATMLFPNDTTVVSTIDWTCPTTSGKRYHATLRTNYTFAKPIAATILQKQPMFVFRKTEVKASDAEINLKEWQKAFHDL,493,521,28,98800,0.0015,0.15,23.65,
Citrine,1HUY,CR2,MVSKGEELFTGVVPILVELDGDVNGHKFSVSGEGEGDATYGKLTLKFICTTGKLPVPWPTLVTTFGYGLMCFARYPDHMKQHDFFKSAMPEGYVQERTIFFKDDGNYKTRAEVKFEGDTLVNRIELKGIDFKEDGNILGHKLEYNYNSHNVYIMADKQKNGIKVNFKIRHNIEDGSVQLADHYQQNTPIGDGPVLLPDNHYLSYQSALSKDPNEKRDHMVLLEFVTAAGITLGMDELYK,516,529,13,77000,0.76,58.52,26.99,
Clover,5WJ2,CR2,MVSKGEELFTGVVPILVELDGDVNGHKFSVRGEGEGDATNGKLTLKFICTTGKLPVPWPTLVTTFGYGVACFSRYPDHMKQHDFFKSAMPEGYVQERTISFKDDGTYKTRAEVKFEGDTLVNRIELKGIDFKEDGNILGHKLEYNFNSHNVYITADKQKNGIKANFKIRHNVEDGSVQLADHYQQNTPIGDGPVLLPDNHYLSHQSALSKDPNEKRDHMVLLEFVTAAGITHGMDELYK,505,515,10,111000,0.76,84.36,26.79,
CpYGFP,2DD7,CR2,MTTFKIESRIHGNLNGEKFELVGGGVGEEGRLEIEMKTKDKPLAFSPFLLSHCMGYGFYHFASFPKGTKNIYLHAATNGGYTNTRKEIYEDGGILEVNFRYTYEFNKIIGDVECIGHGFPSQSPIFKDTIVKSCPTVDLMLPMSGNIIASSYARAFQLKDGSFYTAEVKNNIDFKNPIHESFSKSGPMFTHRRVEETHTKENLAMVEYQQVFNSAPRDM,508,518,10,101000,0.53,53.53,24.74,
deGFP1,1JBZ,CRO,MSKGEELFTGVVPILVELDGDVNGHKFSVSGEGEGDATYGKLTLKFICTTGKLPVPWPTLVTTFTYGVQCFSRYPDHMKRHDFFKSAMPEGYVQERTIFFKDDGNYKTRAEVKFEGDTLVNRIELKGIDFKEDGNILGHKLEYNYNSGNVYIMADKQKNGIKVNFKIRHNIEDGSVQLADHYQQNTPIGDGPVLLPDNHYLSCQSALSKDPNEKRDHMVLLEFVTAAGITHGMDELYK,504,516,12,28700,0.16,4.59,26.85,
Dendra2,2VZX,5SQ,MNTPGINLIKEDMRVKVHMEGNVNGHAFVIEGEGKGKPYEGTQTANLTVKEGAPLPFSYDILTTAVHYGNRVFTKYPEDIPDYFKQSFPEGYSWERTMTFEDKGICTIRSDISLEGDCFFQNVRFKGTNFPPNGPVMQKKTLKWEPSTEKLHVRDGLLVGNINMALLLEGGGHYLCDFKTTYKAKKVVQLPDAHFVDHRIEILGNDSDYNKVKLYEHAVARYSPLPSQVW,490,507,17,45000,0.5,22.5,26.12,
Dreiklang,3ST3,WCR,MVSKGEELFTGVVPILVELDGDVNGHKFSVSGEGEGDATYGKLTLKFICTTGKLPVPWPTLLTTIGYGLMCFARYPDHMKQHDFFKSAMPEGYVQERTIFFKDDGNYKTRAEVKFEGDTLVNRIELKGIDFKEDGNILGHKLEYNHDSHNVYIMADKQKNGIKVNFKIRHNIEDGSVQLADHYQQNTPIGDGPVLLPDNHYLSYQSALSKDPNEKRDHMVLLEFVTAAGITLGMDELYK,511,529,18,83000,0.41,34.03,26.95,
Dronpa,2IE2,GYC,MSVIKPDMKIKLRMEGAVNGHPFAIEGVGLGKPFEGKQSMDLKVKEGGPLPFAYDILTTVFCYGNRVFAKYPENIVDYFKQSFPEGYSWERSMNYEDGGICNATNDITLDGDCYIYEIRFDGVNFPANGPVMQKRTVKWEPSTEKLYVRDGVLKGDVNMALSLEGGGHYRCDFKTTYKAKKVVQLPDYHFVDHHIEIKSHDKDYSNVNLHEHAEAHSELPRQAK,503,518,15,95000,0.85,80.75,25.48,
EGFP,2Y0G,CRO,MVSKGEELFTGVVPILVELDGDVNGHKFSVSGEGEGDATYGKLTLKFICTTGKLPVPWPTLVTTLTYGVQCFSRYPDHMKQHDFFKSAMPEGYVQERTIFFKDDGNYKTRAEVKFEGDTLVNRIELKGIDFKEDGNILGHKLEYNYNSHNVYIMADKQKNGIKVNFKIRHNIEDGSVQLADHYQQNTPIGDGPVLLPDNHYLSTQSALSKDPNEKRDHMVLLEFVTAAGITLGMDELYK,488,507,19,55900,0.6,33.54,26.94,
FOLD6,7UGT,CR2,MVSKGEELFTGVVPILVELDGDVNGHKFSVRGEGEGDATNGKLTLKFISTTGKLPVPWPTLVTTLGYGLAVFARYPDHMKQHDFFKSAMPEGYVQERTISFEDDGYYKTRAEVKFEGDTLVNRIVLKGIDFKEDGNILGHKLEYNFNPHNVYITADKQKNGIKANFKTRHNVEDGGVQLADHYQQNTPIGDGPVLLPDNHYLSHQSVLSKDPNEKRDHMVLLEFVTAAGITHDMNELYK,505,515,10,118200,0.73,86.29,26.82,
Gamillus,5Y01,CRQ,MVSKGEEASGRALFQYPMTSKIELNGEINGKKFKVAGEGFTPSSGRFNMHAYCTTGDLPMSWVVIASPLQYGFHMFAHYPEDITHFFQECFPGSYTLDRTLRMEGDGTLTTHHEYSLEDGCVTSKTTLNASGFDPKGATMTKSFVKQLPNEVKITPHGPNGIRLTSTVLYLKEDGTIQIGTQDCIVTPVGGRKVTQPKAHFLHTQIIQKKDPNDTRDHIVQTELAVAGNLWHGMDELYK,504,519,15,83000,0.9,74.7,26.55,
GFP (S65T),1EMG,CRO,MSKGEELFTGVVPILVELDGDVNGHKFSVSGEGEGDATYGKLTLKFICTTGKLPVPWPTLVTTFTYGVQCFSRYPDHMKQHDFFKSAMPEGYVQERTIFFKDDGNYKTRAEVKFEGDTLVNRIELKGIDFKEDGNILGHKLEYNYNSHNVYIMADKQKNGIKVNFKIRHNIEDGSVQLADHYQQNTPIGDGPVLLPDNHYLSTQSALSKDPNEKRDHMVLLEFVTAAGITHGMDELYK,490,510,20,55000,0.64,35.2,26.9,
Hyperfolder YFP,7UGR,CR2,MVSKGEELFTGVVPILVELDGDVNGHKFSVRGEGEGDATNGKLTLKLISTTGKLPVPWPTLVTTLGYGLMVFARYPDHMKQHDFFKSAMPEGYVQERTISFEDDGYYKTRAEVKFEGDTLVNRIVLKGIDFKEDGNILGHKLEYNFNSHNVYITADKQKNGIKANFKIRHNVEDGGVQLADHYQQNTPIGDGPVLLPDNHYLSYQSVLSKDPNEKRDHMVLKERVTAAGITHDMNELYK,514,529,15,119500,0.6,71.7,26.9,
IrisFP-M159A,4R6B,CR8,MSAIKPDMKINLRMEGNVNGHHFVIDGDGTGKPFEGKQSMDLEVKEGGPLPFAFDILTTAFHYGNRVFAEYPDHIQDYFKQSFPKGYSWERSLTFEDGGICIARNDITMEGDTFYNKVRFHGVNFPANGPVMQKKTLKWEPSTEKMYVRDGVLTGDITAALLLEGNAHYRCDSRTTYKAKEKGVKLPGYHLVDHCIEILSHDKDYNKVKLYEHAVAHSGLPDNARR,484,513,29,62800,0.18,11.3,25.63,
KikG,1XSS,DYG,MSVITSEMKMELRMEGAVNGHKFVITGKGSGQPFEGIQNMDLTVIEGGPLPFAFDILTTVFDYGNRVFVKYPEEIVDYFKQSFPEGYSWERSMSYEDGGICLATNNITMKKDGSNCFVYEIRFDGVNFPANGPVMQRKTVKWEPSTEKMYVRDGVLKGDVNMALLLQGGGHYRCDFRTTYKAKKVVQLPDYHFVDHRIEITSHDKDYNKVKLYEHAKAHSGLPRLAK,507,517,10,81000,0.68,55.08,25.88,
KikGR1,4P76,CR8,MSVITSEMKIELRMEGAVNGHKFVITGKGSGQPFEGIQNVDLTVIEGGPLPFAFDILTTAFHYGNRVFVEYPEEIVDYFKQSFPEGYSWERSMSYEDGGICLATNNITMKKDGSNCFVNEIRFDGVNFPANGPVMQRKTVKWEPSTEKMYVRDGVLKGDVNMALLLQGGGHYRCDFRTTYKAKKVVQLPDYHFVDHQMEITSHDKDYNKVKLYEHAKAHSGLPRLAK,507,517,10,53700,0.7,37.59,25.76,
LanYFP,5LTQ,CR2,MSLPATHELHIFGSFNGVDFDMVGRGTGNPNDGYEELNLKSTKGALQFSPWILVPQIGYGFHQYLPFPDGMSPFQAAMKDGSGYQVHRTMQFEDGASLTSNYRYTYEGSHIKGEFQVIGTGFPADGPVMTNSLTAADWCVTKMLYPNDKTIISTFDWTYTTGSGKRYQSTVRTNYTFAKPMAANILKNQPMFVFRKTELKHSKTELNFKEWQKAFTDVM,513,524,11,150000,0.95,142.5,24.72,
LucY,4PYT,FAD,MDKVIQELKDLQVGKVLENEPLANHTTIKIGGPADCLVIPKDIQAVRDTMEVVKNHGVQWRAIGRGSNLLVLDEGIRGVVIKLGAGLDHMEIDGEQVTVGGGYSVVRLSTGISKKGLSGLEFASGIPGSVGGAVYMNAGAHGSDISRILVKALILFEDGTMEWLTNEEMEFSYRTSILQNKRPGICLEAVLQLEQKERDAIVAQMQKNKDYRKETQPVSNPCAGSIFRNPLPDHAGRLVEQAGLKGHRIGGAKVSEMHGNFIVNAGGATAKDVLDLIAFIQKTIKEKYDIDMHTEVEIVGEKRHHHHHH,460,528,68,11662,0.356,4.15,33.71,
mAzamiGreen,3ADF,CRQ,MSVIKPEMKIKLCMRGTVNGHNFVIEGEGKGNPYEGTQILDLNVTEGAPLPFAYDILTTVFQYGNRAFTKYPADIQDYFKQTFPEGYHWERSMTYEDQGICTATSNISMRGDCFFYDIRFDGTNFPPNGPVMQKKTLKWEPSTEKMYVRDGVLKGDVNMALLLEGGGHYRCDFKTTYKAKKDVRLPDAHKVDHRIEILKHDKDYNKVKLYENAVARYSMLPSQAK,492,505,13,41800,0.81,33.86,25.85,
mBaoJin,8QBJ,CR2,MVSKGEEENMASTPFKFQLKGTINGKSFTVEGEGEGNSHEGSHKGKYVCTSGKLPMSWAALGTTFGYGMKYYTKYPSGLKNWFREVMPGGFTYDRHIQYKGDGSIHAKHQHFMKNGTYHNIVEFTGQDFKENSPVLTGDMNVSLPNEVPQIPRDDGVECPVTLLYPLLSDKSKYVEAHQYTICKPLHNQPAPDVPYHWIRKQYTQSKDDAEERDHICQSETLEAHLKGMDELYK,500,508,8,128000,0.93,119.04,26.58,
mEos2,3S05,CR8,MSAIKPDMKIKLRMEGNVNGHHFVIDGDGTGKPFEGKQSMDLEVKEGGPLPFAFDILTTAFHYGNRVFAKYPDNIQDYFKQSFPKGYSWERSLTFEDGGICIARNDITMEGDTFYNKVRFYGTNFPANGPVMQKKTLKWEPSTEKMYVRDGVLTGDIHMALLLEGNAHYRCDFRTTYKAKEKGVKLPGYHFVDHCIEILSHDKDYNKVKLYEHAVAHSGLPDNARR,506,519,13,56000,0.84,47.04,25.84,
miniSOG,6GPU,FMN,MEKSFVITDPRLPDNPIIFASDGFLELTEYSREEILGRNGRFLQGPETDQATVQKIRDAIRDQREITVQLINYTKSGKKFWNLLHLQPMRDQKGELQYFIGVQLDG,447,501,54,14100,0.43,6.06,12.33,
mNeonGreen,5LTP,CR2,MVSKGEEDNMASLPATHELHIFGSINGVDFDMVGQGTGNPNDGYEELNLKSTKGDLQFSPWILVPHIGYGFHQYLPYPDGMSPFQAAMVDGSGYQVHRTMQFEDGASLTVNYRYTYEGSHIKGEAQVKGTGFPADGPVMTNSLTAADWCRSKKTYPNDKTIISTFKWSYTTGNGKRYRSTARTTYTFAKPMAANYLKNQPMYVFRKTELKHSKTELNFKEWQKAFTDVMGMDELYK,506,517,11,116000,0.8,92.8,26.65,
Monomeric hyperfolder YFP,7UGS,CR2,MVSKGEELFTGVVPILVELDGDVNGHKFSVRGEGEGDATNGKLTLKLISTTGKLPVPWPTLVTTLGYGLMVFARYPDHMKQHDFFKSAMPEGYVQERTISFEDDGYYKTRAEVKFEGDTLVNRIVLKGIDFKEDGNILGHKLEYNFNPHNVYITADKQKNGIKANFKIRHNVEDGGVQLADHYQQNTPIGDGPVLMPDNHYLSYQSKLSKDPNEKRDHMVLKERVTAAGITHDMNELYK,515,529,14,124000,0.62,76.88,26.96,
muGFP,5JZL,CRO,MSKGEELFTGVVPILVELDGDVNGHKFSVRGEGEGDATNGKLTLKFICTTGKLPVPWPTLVTTLTYGVLCFSRYPDHMKRHDFFKSAMPEGYVQERTISFKDDGTYKTRAEVKFEGDTLVNRIELKGIDFKEDGNILGHKLEYNFNSHNVYITADKQKNGIKAYFKIRHNVEDGSVQLADHYQQNTPIGDGPVLLPDNHYLSTQSVLSKDPNEKRDHMVLLEDVTAAGITHGMDELYK,490,508,18,117000,0.45,52.65,26.78,
Padron0.9,3ZUL,GYC,MSVIKPDMKIKLRMEGAVNGHPFAIEGVGLGKPFEGKQSMDLKVKEGGPLPFAYDILTMAFCYGNRVFAKYPENIVDYFKQSFPEGYSWERSMIYEDGGICNATNDITLDGDCYICEIRFDGVNFPANGPVMQKRTVKWELSTEKLYVRDGVLKSDGNYALSLEGGGHYRCDFKTTYKAKKVVQLPDYHSVDHHIEIISHDKDYSNVNLHEHAEAHSELPRQAK,505,522,17,36000,0.61,21.96,25.38,
ppluGFP2,2G3O,CR2,MPAMKIECRITGTLNGVEFELVGGGEGTPEQGRMTNKMKSTKGALTFSPYLLSHVMGYGFYHFGTYPSGYENPFLHAINNGGYTNTRIEKYEDGGVLHVSFSYRYEAGRVIGDFKVVGTGFPEDSVIFTDKIIRSNATVEHLHPMGDNVLVGSFARTFSLRDGGYYSFVVDSHMHFKSAIHPSILQNGGPMFAFRRVEELHSNTELGIVEYQHAFKTPIAFA,482,502,20,70000,0.6,42,24.65,
rsFolder,5DTZ,PIA,MVSKGEELFTGVVPILVELDGDVNGHKFSVRGEGEGDATNGKLTLKFICTTGKLPVPWPTLVTTLAYGVLCFSRYPDHMKRHDFFKSAMPEGYVQERTISFKDDGTYKTRAEVKFEGDTLVNRIELKGIDFKEDGNILGHKLEYNFNSHNVYITADKQKNGIKSNFKIRHNVEDGSVQLADHYQQNTPIGDGPVLLPDNHYLSTQSKLSKDPNEKRDHMVLLEFVTAAGITHGMDELYK,477,503,26,51600,0.25,12.9,26.88,
sg11,1EMC,GYS,MASKGEELFTGVVPILVELDGDVNGHKFSVSGEGEGDATYGKLTLKFICTTGKLPVPWPTLVTTLSYGVQCFSRYPDHMKRHDFFKSAMPEGYVQERTIFFKDDGNYKTRAEVKFEGDTLVNRIELKGIDFKEDGNILGHKLEYNYNSHNVYIMADKQKNGIKVNFKTRHNIEDGSVQLADHYQQNTPIGDGPVLLPDNHYLSTQSALSKDPNEKRDHMVLLEFVTAAGITHGMDELYN,385,506,121,12700,0.84,10.67,26.92,
sg12,1EMM,GYS,MASKGEELFTGVVPILVELDGDVNGHKFSVSGEGEGDATYGKLTLKFICTTGKLPVPWPTLVTTLSYGVQCFSRYPDHMKRHDFFKSAMPEGYVQERTIFFKDDGNYKTRAEVKFEGDTLVNRIELKGIDFKEDGNILGHKLEYNYNSHNVYIMADKQKNGIKVNFKIRHNIEDGSVQLADHYQQNTPIGDGPVLLPDNHYLSTQSALSKDPNEKRDHMVLLEFVTAAGITHGMDELYK,396,508,112,18300,0.85,15.55,26.95,
sg25,1EMK,CCY,MASKGEELFTGVVPILVELDGDVNGHKFSVSGEGEGDATYGKLTLKFICTTGKLPVPWPTLVTTLCYGVQCFSRYPDHMKRHDFFKSAMPEGYVQERTIFFKDDGNYKTRAEVKFEGDTLVNRIELKGIDFKEDGNILGHKLEYNYNSHNVYIMADKQKNGIKVNFKTRHNIEDGSVQLADHYQQNTPIGDGPVLLPDNHYLSTQSALSKDPNEKRDHMVLLEFVTAAGITHGMDELYN,474,506,32,26200,0.76,19.91,26.94,
StayGold,8ILK,CR2,MASTPFKFQLKGTINGKSFTVEGEGEGNSHEGSHKGKYVCTSGKLPMSWAALGTSFGYGMKYYTKYPSGLKNWFHEVMPEGFTYDRHIQYKGDGSIHAKHQHFMKNGTYHNIVEFTGQDFKENSPVLTGDMNVSLPNEVQHIPRDDGVECPVTLLYPLLSDKSKCVEAHQNTICKPLHNQPAPDVPYHWIRKQYTQSKDDTEERDHICQSETLEAHL,496,505,9,159000,0.93,147.87,24.61,
Superfolder GFP,2B3P,CRO,MSKGEELFTGVVPILVELDGDVNGHKFSVRGEGEGDATNGKLTLKFICTTGKLPVPWPTLVTTLTYGVQCFSRYPDHMKRHDFFKSAMPEGYVQERTISFKDDGTYKTRAEVKFEGDTLVNRIELKGIDFKEDGNILGHKLEYNFNSHNVYITADKQKNGIKANFKIRHNVEDGSVQLADHYQQNTPIGDGPVLLPDNHYLSTQSVLSKDPNEKRDHMVLLEFVTAAGITHGMDELYK,488,510,22,83300,0.65,54.15,26.78,
Thermostable Green Protein,4TZA,CRQ,MGAHASVIKPEMKIKLRMEGAVNGHKFVIEGEGIGKPYEGTQTLDLTVEEGAPLPFSYDILTPAFQYGNRAFTKYPEDIPDYFKQAFPEGYSWERSMTYEDQGICIATSDITMEGDCFFYEIRFDGTNFPPNGPVMQKKTLKWEPSTEKMYVEDGVLKGDVEMALLLEGGGHYRCDFKTTYKAKKDVRLPDAHEVDHRIEILSHDKDYNKVRLYEHAEARYS,493,507,14,64000,0.66,42.24,25.42,
TurboGFP,2G6X,CR2,MESDESGLPAMEIECRITGTLNGVEFELVGGGEGTPEQGRMTNKMKSTKGALTFSPYLLSHVMGYGFYHFGTYPSGYENPFLHAINNGGYTNTRIEKYEDGGVLHVSFSYRYEAGRVIGDFKVMGTGFPEDSVIFTDKIIRSNATVEHLHPMGDNDLDGSFTRTFSLRDGGYYSSVVDSHMHFKSAIHPSILQNGGPMFAFRRVEEDHSNTELGIVEYQHAFKTPDADAGEE,482,502,20,70000,0.53,37.1,25.69,
UnaG,4I3B,BLR,MVEKFVGTWKIADSHNFGEYLKAIGAPKELSDGGDATTPTLYISQKDGDKMTVKIENGPPTFLDTQVKFKLGEEFDEFPSDRRKGVKSVVNLVGEKLVYVQKWDGKETTYVREIKDGKLVVTLTMGDVVAVRSYRRATE,498,527,29,77300,0.51,39.42,15.58,
usGFP,5JZK,CRO,MSKGEELFTGVVPILVELDGDVNGHKFSVRGEGEGDATNGKLTLKFICTTGKLPVPWPTLVTTLTYGVLCFSRYPDHMKRHDFFKSAMPEGYVQERTISFKDDGTYKTRAEVKFEGDTLVNRIELKGIDFKEDGNILGHKLEYNFNSHNVYITADKQKNGIKAYFKIRHNVEDGSVQLADHYQQNTPIGDGPVLLPDNHYLSTQSVLSKDPNEKRDHMVLLEFVTAAGITHGMDELYK,490,508,18,103000,0.45,46.35,26.81,
Venus,1MYW,CR2,MVSKGEELFTGVVPILVELDGDVNGHKFSVSGEGEGDATYGKLTLKLICTTGKLPVPWPTLVTTLGYGLQCFARYPDHMKQHDFFKSAMPEGYVQERTIFFKDDGNYKTRAEVKFEGDTLVNRIELKGIDFKEDGNILGHKLEYNYNSHNVYITADKQKNGIKANFKIRHNIEDGGVQLADHYQQNTPIGDGPVLLPDNHYLSYQSALSKDPNEKRDHMVLLEFVTAAGITLGMDELYK,515,528,13,92200,0.57,52.55,26.84,
vsfGFP-0,4PFE,CRO,MSKGEELFTGVVPILVELDGDVNGHKFSVRGEGEGDATNGKLTLKFICTTGKLPVPWPTLVTTLTYGVQCFSRYPDHMKRHDFFKSAMPEGYVQERTISFKDDGTYKTRAEVKFEGDTLVNRIELKGIDFKEDGNILGHKLEYNFNSHNVYITADKQKNGIKANFKIRHNVEDGSVQLADHYQQNTPIGDGPVLLPDNHYLSTQSVLSKDPNEKRDHMVLLEFVTAAGIAQVQLVESGGALVQPGGSLRLSCAASGFPVNRYSMRWYRQAPGKEREWVAGMSSAGDRSSYEDSVKGRFTISRDDARNTVYLQMNSLKPEDTAVYYCNVNVGFEYWGQGTQVTVS,485,510,25,209916,0.76,159.54,38.39,
WasCFP,5DQB,CRF,MVSKGEELFTGVVPILVELDGDVNGHKFSVSGEGEGDATYGKLTLKFICTTGKLPVPWPTLKTTLTWGVQCFARYPDHMKQHDFFKSAMPEGYVQERTIFFKDDGNYKTRAEVKFEGDTLVNRIELKGIDFKEDGNILGHKLEYNAISGNVNITADKQKNGIKANFKIRHNIEDGSVQLADHYQQNTPIGDGPVLLPDNHYLSTQSKQSKDPNEKRDHMVLLEFVTAAGITLGMDELYK,494,505,11,51000,0.85,43.35,26.77,
ZsGreen,2OJK,NYG,MAQSKHGLTKEMTMKYRMEGCVDGHKFVITGEGIGYPFKGKQAINLCVVEGGPLPFAEDILSAAFNYGNRVFTEYPQDIVDYFKNSCPAGYTWDRSFLFEDGAVCICNADITVSVEENCMYHESKFYGVNFPADGPVMKKMTDNWEPSCEKIIPVPKQGILKGDVSMYLLLKDGGRLRCQFDTVYKAKSVPRKMPDWHFIQHKLTREDRSDAKNQKWHLTEHAIASGSALP,496,506,10,35600,0.63,22.43,26.11,
amFP486,2A46,CR7,MRGSHHHHHHGSALSNKFIGDDMKMTYHMDGCVNGHYFTVKGEGNGKPYEGTQTSTFKVTMANGGPLAFSFDILSTVFXNRCFTAYPTSMPDYFKQAFPDGMSYERTFTYEDGGVATASWEISLKGNCFEHKSTFHGVNFPADGPVMAKKTTGWDPSFEKMTVCDGILKGDVTAFLMLQGGGNYRCQFHTSYKTKKPVTMPPNHVVEHRIARTDLDKGGNSVQLTEHAVAHITSVVPF,458,486,28,40000,0.24,9.6,25.3,amfp486
CagFbFP,6RHF,FMN,MASGMIVTDAGADQPIVFVNRAFSTITGYAPNEVLGRNARFLQGPQTDAATVARLREAIAAARPIQERILNYRKDGQPFWNQLSISPVRDETGNVVAFVGVQTDVTAHHHHHH,447,497,50,15317,0.36,5.51,11.6,cagfbfp
Cerulean,2WSO,CRF,MVSKGEELFTGVVPILVELDGDVNGHKFSVSGEGEGDATYGKLTLKFICTTGKLPVPWPTLVTTLTWGVQCFARYPDHMKQHDFFKSAMPEGYVQERTIFFKDDGNYKTRAEVKFEGDTLVNRIELKGIDFKEDGNILGHKLEYNAISDNVYITADKQKNGIKANFKIRHNIEDGSVQLADHYQQNTPIGDGPVLLPDNHYLSTQSALSKDPNEKRDHMVLLEFVTAAGITLGMDELYK,433,475,42,43000,0.62,26.66,26.8,cerulean
dsFP483,3CGL,CRQ,MRGSHHHHHHGMSCSKSVIKEEMLIDLHLEGTFNGHYFEIKGKGKGQPNEGTNTVTLEVTKGGPLPFGWHILCPQFXNKAFVHHPDNIHDYLKLSFPEGYTWERSMHFEDGGLCCITNDISLTGNCFYYDIKFTGLNFPPNGPVVQKKTTGWEPSTERLYPRDGVLIGDIHHALTVEGGGHYACDIKTVYRAKKAALKMPGYHYVDTKLVIWNNDKEFMKVEEHEIAVARHHPFYEPKKDK,443,483,40,23900,0.46,10.99,26.4,dsfp483
ECFP,5OX8,B2H,MVSKGEELFTGVVPILVELDGDVNGHKFSVSGEGEGDATYGKLTLKFICTTGKLPVPWPTLVTTLTWGVQCFSRYPDHMKQHDFFKSAMPEGYVQERTIFFKDDGNYKTRAEVKFEGDTLVNRIELKGIDFKEDGNILGHKLEYNYISHNVYITADKQKNGIKANFKIRHNIEDGSVQLADHYQQNTPIGDGPVLLPDNHYLSTQSALSKDPNEKRDHMVLLEFVTAAGITLGMDELYK,434,477,43,32500,0.4,13,26.9,ecfp
KCY,2ZO6,GYS,MRGSHHHHHHGMASMTGGQQMGRDLYDDDDKMSVIKPEMKMKYFMDGSVNGHEFTVEGEGTGKPYEGKHKITLDVTKGGPLPFAFDLLSTVFXNRCLTKYPDDIPDYFKQCFPGGYSWERKFEFEDGGLAIAKAEISLKGNCFEHKSTIEGTFPDSSPIAQNKTLGWEPSTEKMTVRDGSMKGDDAAYLKLVGGGNHKCYFTTTYTAKKKIPNLPQSHFIGHRISSVVNGTKIGVMEDAIAHLYPFNGVPCQ,455,488,33,38700,0.85,32.9,24.7,kcy
KCY-R1,2ZO7,GYS,DPTMVSVIKPEMKMRYYMDGSVNGHEFTVEGEGTGRPYEGKQKITLDVTKGGPLPFAFDLLSTVFXNRALTKYPDDIPDYFKQCFPGGYSWERKFEFEDGGLAIAKAEISLKGNCFEHKSTIEGTFPDSSPIMQNKTLGWEPSTEKMTVRDGSMKGDDASYLKLVGGGNHKCYFTTTYTAKKKIPNLPGSHFIGHRISSVVEGTKIKVMEDAIAHLYPFNGS,461,492,31,21200,0.75,15.9,24.9,kcy-r1
mCerulean3,4EN1,SWG,MRGSHHHHHHGLALPVATMVSKGEELFTGVVPILVELDGDVNGHKFSVSGEGEGDATYGKLTLKFICTTGKLPVPWPTLVTTLSWGVQCFARYPDHMKQHDFFKSAMPEGYVQERTIFFKDDGNYKTRAEVKFEGDTLVNRIELKGIDFKEDGNILGHKLEYNAIHGNVYITADKQKNGIKANFGLNCNIEDGSVQLADHYQQNTPIGDGPVLLPDNHYLSTQSKLSKDPNEKRDHMVLLEFVTAAGITLGMDELYKSGLRSRAQA,433,475,42,40000,0.87,34.8,26.7,mcerulean3
mTFP0.7,2OTE,PIA,GVIKPDMKIKLKMEGNVNGHAFVIEGEGEGKPYDGTNTINLEVKEGAPLPFSYDILTNAFXNRAFTKYPDDIPNYFKQSFPEGYSWERTMTFEDKGIVKVKSDISMEEDSFIYEIHLKGENFPPNGPVMQKKTLKWEPSTEILYVRDGVLVGDIKHKLLLEGGGHHRVDFKTIYRAKKAVKLPDYHFVDHRIEILNHDKDYNKVTVYESAVARY,453,488,35,60000,0.5,30,27,mtfp07
mTFP1,2HQK,PIA,GVIKPDMKIKLKMEGNVNGHAFVIEGEGEGKPYDGTNTINLEVKEGAPLPFSYDILTTAFXNRAFTKYPDDIPNYFKQSFPEGYSWERTMTFEDKGIVKVKSDISMEEDSFIYEIHLKGENFPPNGPVMQKKTTGWDASTERMYVRDGVLKGDVKHKLLLEGGGHHRVDFKTIYRAKKAVKLPDYHFVDHRIEILNHDKDYNKVTVYESAVARNSTDGM,462,492,30,64000,0.85,54.4,26.9,mtfp1
mTurquoise,4AR7,SWG,MVSKGEELFTGVVPILVELDGDVNGHKFSVSGEGEGDATYGKLTLKFICTTGKLPVPWPTLVTTLSWGVQCFARYPDHMKQHDFFKSAMPEGYVQERTIFFKDDGNYKTRAEVKFEGDTLVNRIELKGIDFKEDGNILGHKLEYNYISDNVYITADKQKNGIKANFKIRHNIEDGGVQLADHYQQNTPIGDGPVLLPDNHYLSTQSKLSKDPNEKRDHMVLLEFVTAAGITLGMDELYKHHHHHH,434,474,40,30000,0.84,25.2,26.9,mturquoise
mTurquoise2,3ZTF,SWG,MVSKGEELFTGVVPILVELDGDVNGHKFSVSGEGEGDATYGKLTLKFICTTGKLPVPWPTLVTTLSWGVQCFARYPDHMKQHDFFKSAMPEGYVQERTIFFKDDGNYKTRAEVKFEGDTLVNRIELKGIDFKEDGNILGHKLEYNYFSDNVYITADKQKNGIKANFKIRHNIEDGGVQLADHYQQNTPIGDGPVLLPDNHYLSTQSALSKDPNEKRDHMVLLEFVTAAGITLGMDELYKHHHHHH,434,474,40,30000,0.93,27.9,26.9,mturquoise2
SCFP3A,2YDZ,CRF,MVSKGEELFTGVVPILVELDGDVNGHKFSVSGEGEGDATYGKLTLKFICTTGKLPVPWPTLVTTLTWGVQCFARYPDHMKQHDFFKSAMPEGYVQERTIFFKDDGNYKTRAEVKFEGDTLVNRIELKGIDFKEDGNILGHKLEYNYISDNVYITADKQKNGIKANFKIRHNIEDGGVQLADHYQQNTPIGDGPVLLPDNHYLSTQSALSKDPNEKRDHMVLLEFVTAAGITLGMDELYKHHHHHH,433,474,41,30000,0.56,16.8,26.9,scfp3a
sg42,2EMD,CSH,MASKGEELFTGVVPILVELDGDVNGHKFSVSGEGEGDATYGKLTLKFICTTGKLPVPWPTLVTTLXVQCFSRYPDHMKRHDFFKSAMPEGYVQERTIFFKDDGNYKTRAEVKFEGDTLVNRIELKGIDFKEDGNILGHKLEYNYNSHNVYIMADKQKNGIKVNFKIRHNIEDGSVQLADHYQQNTPIGDGPVLLPDNHYLSTQSALSKDPNEKRDHMVLLEFVTAAGITHGMDELYK,384,450,66,15600,0.24,3.74,26.9,sg42
sg50,1EMF,CSH,MASKGEELFTGVVPILVELDGDVNGHKFSVSGEGEGDATYGKLTLKFICTTGKLPVPWPTLVTTLXVQCFSRYPDHMKRHDFFKSAMPEGYVQERTIFFKDDGNYKTRAEVKFEGDTLVNRIELKGIDFKEDGNILGHKLEYNYNSHNVYIMADKQKNGIKANFKIRHNIEDGSVQLADHYQQNTPIGDGPVLLPDNHYLSTQSALSKDPNEKRDHMVLLEFVTAAGITHGMDELYK,384,450,66,16500,0.25,4.12,26.9,sg50
shBFP,6JC5,BJF,MHHHHHHGLLKESMRIKMDMEGTVNGHYFKCEGEGDGNPFTGTQSMRIHVTEGAPLPFAFDILAPCCXSRTFIHHTAGIPDFFKQSFPEGFTWERTTTYEDGGILTAHQDTSLEGNCLIYKVKVLGTNFPADGPVMKNKSEGWEPCTEVVYPDNGVLCGRNVMALKVGDRRLICHLYSSYKSKKAIRALTMPGFHFTDIRLQMPRKKKDEYFELYEASVARYSDLPEK,401,458,57,15407,0.79,12.17,25.5,shbfp
TagBFP,3M24,NRP,MSEELIKENMHMKLYMEGTVDNHHFKCTSEGEGKPYEGTQTMRIKVVEGGPLPFAFDILATSFXSKTFINHTQGIPDFFKQSFPEGFTWERVTTYEDGGVLTATQDTSLQDGCLIYNVKIRGVNFTSNGPVMQKKTLGWEAFTETLYPADGGLEGRNDMALKLVGGSHLIANIKTTYRSKKPAKNLKMPGVYYVDYRLERIKEANNETYVEQHEVAVARYCDLPSKLGHKLN,402,457,55,52000,0.63,32.76,26.3,tagbfp
Turquoise-GL,2YE1,SWG,MVSKGEELFTGVVPILVELDGDVNGHKFSVSGEGEGDATYGKLTLKFICTTGKLPVPWPTLVTTLSWGVQCFARYPDHMKQHDFFKSAMPEGYVQERTIFFKDDGNYKTRAEVKFEGDTLVNRIELKGIDFKEDGNILGHKLEYNYISGNVYITADKQKNGIKANFKIRHNIEDGGVQLADHYQQNTPIGDGPVLLPDNHYLSTQSALSKDPNEKRDHMVLLEFLTAAGITLGMDELYKHHHHHH,434,474,40,30000,0.82,24.6,26.8,turquoise-gl