number,symbol,name,T_1,T_2,T_3,T_4,T_5
1, A,Alanine,9.11,1.63,0.63,1.04,2.26
2, R, Arginine, 0.23, 3.89, 1.16, 0.39, 0.06
3, N, Asparagine, 4.62, 0.66, 1.16, 0.22, 0.93
4, D, Aspartic_acid, 4.65, 0.75, 1.39, 0.40, 1.05
5, C, Cysteine, 7.35, 0.86, 0.33, 0.80, 0.98
6, Q, Glutamine, 3.00, 1.72, 0.28, 0.39, 0.33
7, E, Glutamic_acid, 3.03, 1.82, 0.51, 0.58, 0.43
8, G, Glycine, 10.61, 1.21, 0.12, 0.75, 3.25
9, H, Histidine, 1.01, 1.31, 0.01, 1.81, 0.21
10, I, Isoleucine, 4.25, 0.28, 0.15, 1.40, 0.21
11, L, Leucine, 4.38, 0.28, 0.49, 1.45, 0.02
12, K, Lysine, 2.59, 2.34, 1.69, 0.41, 0.21
13, M, Methionine, 4.08, 0.98, 2.34, 1.64, 0.79
14, F, Phenylalanine, 0.49, 0.94, 0.63, 1.27, 0.44
15, P, Proline, 5.11, 3.54, 0.53, 0.36, 0.29
16, S, Serine, 7.44, 0.65, 0.68, 0.17, 1.58
17, T, Threonine, 5.97, 0.62, 1.11, 0.31, 0.95
18, W, Tryptophan, 5.73, 2.67, 0.07, 1.96, 0.54
19, Y, Tyrosine, 2.08, 0.47, 0.07, 1.67, 0.35
20, V, Valine, 5.87, 0.94, 0.28, 1.10, 0.48